Regione,eta,maschi,femmine
Piemonte,0,14145,13640
Piemonte,1,14705,14291
Piemonte,2,15653,15180
Piemonte,3,16397,15656
Piemonte,4,17102,15731
Piemonte,5,17441,16740
Piemonte,6,18050,17015
Piemonte,7,18764,17650
Piemonte,8,19087,17611
Piemonte,9,19364,18213
Piemonte,10,19847,18804
Piemonte,11,20113,18823
Piemonte,12,20004,18908
Piemonte,13,19762,18588
Piemonte,14,19675,18479
Piemonte,15,19753,18360
Piemonte,16,19757,18497
Piemonte,17,19259,18458
Piemonte,18,19628,18381
Piemonte,19,20637,19002
Piemonte,20,20734,18520
Piemonte,21,21331,18762
Piemonte,22,20902,19012
Piemonte,23,20810,18639
Piemonte,24,20627,18781
Piemonte,25,20662,19165
Piemonte,26,20976,19503
Piemonte,27,21675,20284
Piemonte,28,21786,20520
Piemonte,29,22538,20963
Piemonte,30,22017,20897
Piemonte,31,22635,21550
Piemonte,32,21795,21395
Piemonte,33,22323,21565
Piemonte,34,22741,22372
Piemonte,35,22748,22647
Piemonte,36,23519,23286
Piemonte,37,24452,24252
Piemonte,38,24403,24499
Piemonte,39,25117,25154
Piemonte,40,25911,25657
Piemonte,41,27565,27588
Piemonte,42,28821,29281
Piemonte,43,30200,30574
Piemonte,44,31976,32480
Piemonte,45,33644,33676
Piemonte,46,33715,33500
Piemonte,47,34413,34456
Piemonte,48,34671,35322
Piemonte,49,34385,34910
Piemonte,50,35587,36165
Piemonte,51,35346,35893
Piemonte,52,35206,35985
Piemonte,53,35622,36102
Piemonte,54,35273,36100
Piemonte,55,35588,36833
Piemonte,56,33214,34336
Piemonte,57,31664,33346
Piemonte,58,31334,32928
Piemonte,59,30245,31931
Piemonte,60,29727,30853
Piemonte,61,28732,30166
Piemonte,62,28451,30065
Piemonte,63,27618,29505
Piemonte,64,27097,28873
Piemonte,65,26451,28710
Piemonte,66,25577,27574
Piemonte,67,25523,27418
Piemonte,68,24613,27272
Piemonte,69,25514,28492
Piemonte,70,25785,28591
Piemonte,71,26824,30125
Piemonte,72,26107,29252
Piemonte,73,25079,28530
Piemonte,74,18908,21790
Piemonte,75,19831,23396
Piemonte,76,19100,23468
Piemonte,77,19110,23452
Piemonte,78,18710,23720
Piemonte,79,19977,25661
Piemonte,80,19222,25183
Piemonte,81,18149,24084
Piemonte,82,15730,21671
Piemonte,83,13802,19491
Piemonte,84,12837,19270
Piemonte,85,11060,17670
Piemonte,86,9391,16050
Piemonte,87,8226,14955
Piemonte,88,7138,13711
Piemonte,89,6328,12744
Piemonte,90,4736,10477
Piemonte,91,3580,8644
Piemonte,92,2813,7260
Piemonte,93,1934,5762
Piemonte,94,1373,4440
Piemonte,95,966,3325
Piemonte,96,704,2549
Piemonte,97,437,1974
Piemonte,98,276,1334
Piemonte,99,166,842
Piemonte,100,142,954
Piemonte,Totale,2095058,2216159
Valle d'Aosta,0,418,417
Valle d'Aosta,1,476,417
Valle d'Aosta,2,475,413
Valle d'Aosta,3,498,453
Valle d'Aosta,4,485,476
Valle d'Aosta,5,550,500
Valle d'Aosta,6,519,514
Valle d'Aosta,7,573,551
Valle d'Aosta,8,608,574
Valle d'Aosta,9,581,574
Valle d'Aosta,10,639,585
Valle d'Aosta,11,619,585
Valle d'Aosta,12,623,584
Valle d'Aosta,13,652,583
Valle d'Aosta,14,582,560
Valle d'Aosta,15,583,592
Valle d'Aosta,16,595,587
Valle d'Aosta,17,595,520
Valle d'Aosta,18,625,558
Valle d'Aosta,19,636,590
Valle d'Aosta,20,622,570
Valle d'Aosta,21,633,568
Valle d'Aosta,22,588,544
Valle d'Aosta,23,630,586
Valle d'Aosta,24,610,544
Valle d'Aosta,25,581,561
Valle d'Aosta,26,586,550
Valle d'Aosta,27,650,583
Valle d'Aosta,28,619,577
Valle d'Aosta,29,625,643
Valle d'Aosta,30,660,578
Valle d'Aosta,31,651,630
Valle d'Aosta,32,615,626
Valle d'Aosta,33,605,639
Valle d'Aosta,34,657,642
Valle d'Aosta,35,664,646
Valle d'Aosta,36,702,681
Valle d'Aosta,37,679,730
Valle d'Aosta,38,657,672
Valle d'Aosta,39,758,682
Valle d'Aosta,40,723,701
Valle d'Aosta,41,881,827
Valle d'Aosta,42,838,821
Valle d'Aosta,43,862,920
Valle d'Aosta,44,890,951
Valle d'Aosta,45,985,970
Valle d'Aosta,46,997,1006
Valle d'Aosta,47,984,1033
Valle d'Aosta,48,1022,1080
Valle d'Aosta,49,1014,1050
Valle d'Aosta,50,1078,1123
Valle d'Aosta,51,1035,1077
Valle d'Aosta,52,1064,1111
Valle d'Aosta,53,1103,1100
Valle d'Aosta,54,1055,1058
Valle d'Aosta,55,1146,1116
Valle d'Aosta,56,1060,1018
Valle d'Aosta,57,929,983
Valle d'Aosta,58,1000,940
Valle d'Aosta,59,846,915
Valle d'Aosta,60,905,952
Valle d'Aosta,61,817,849
Valle d'Aosta,62,813,848
Valle d'Aosta,63,799,799
Valle d'Aosta,64,754,868
Valle d'Aosta,65,765,827
Valle d'Aosta,66,792,768
Valle d'Aosta,67,744,749
Valle d'Aosta,68,737,773
Valle d'Aosta,69,724,777
Valle d'Aosta,70,748,834
Valle d'Aosta,71,759,836
Valle d'Aosta,72,746,735
Valle d'Aosta,73,675,733
Valle d'Aosta,74,489,593
Valle d'Aosta,75,569,579
Valle d'Aosta,76,580,622
Valle d'Aosta,77,554,632
Valle d'Aosta,78,524,659
Valle d'Aosta,79,540,682
Valle d'Aosta,80,477,637
Valle d'Aosta,81,478,640
Valle d'Aosta,82,398,577
Valle d'Aosta,83,338,513
Valle d'Aosta,84,296,468
Valle d'Aosta,85,242,440
Valle d'Aosta,86,236,439
Valle d'Aosta,87,192,380
Valle d'Aosta,88,175,357
Valle d'Aosta,89,162,355
Valle d'Aosta,90,136,276
Valle d'Aosta,91,96,246
Valle d'Aosta,92,63,205
Valle d'Aosta,93,50,164
Valle d'Aosta,94,49,117
Valle d'Aosta,95,20,82
Valle d'Aosta,96,16,73
Valle d'Aosta,97,12,51
Valle d'Aosta,98,5,44
Valle d'Aosta,99,4,25
Valle d'Aosta,100,6,24
Valle d'Aosta,Totale,61121,63913
Lombardia,0,37093,35467
Lombardia,1,39098,36924
Lombardia,2,41028,38592
Lombardia,3,42056,40244
Lombardia,4,43830,41237
Lombardia,5,44709,42533
Lombardia,6,45838,42983
Lombardia,7,47353,44660
Lombardia,8,48448,45543
Lombardia,9,50128,46654
Lombardia,10,50771,47893
Lombardia,11,50809,47928
Lombardia,12,50304,47264
Lombardia,13,50620,47347
Lombardia,14,49488,46241
Lombardia,15,49196,46883
Lombardia,16,48738,45352
Lombardia,17,48077,44769
Lombardia,18,48965,45473
Lombardia,19,50441,46118
Lombardia,20,50285,45505
Lombardia,21,51296,45312
Lombardia,22,50608,45548
Lombardia,23,50047,45646
Lombardia,24,49360,45629
Lombardia,25,49672,46619
Lombardia,26,50455,47959
Lombardia,27,52397,49840
Lombardia,28,52719,50695
Lombardia,29,54235,52332
Lombardia,30,54352,53202
Lombardia,31,56489,54323
Lombardia,32,55216,53877
Lombardia,33,55740,54378
Lombardia,34,57422,56430
Lombardia,35,59067,57477
Lombardia,36,60315,59273
Lombardia,37,62732,61380
Lombardia,38,63251,61744
Lombardia,39,64460,63071
Lombardia,40,66164,64610
Lombardia,41,70041,68064
Lombardia,42,73023,70983
Lombardia,43,75806,73739
Lombardia,44,80613,78690
Lombardia,45,83345,80832
Lombardia,46,82761,81260
Lombardia,47,83870,81567
Lombardia,48,84253,81331
Lombardia,49,83100,81021
Lombardia,50,84832,83430
Lombardia,51,84552,82788
Lombardia,52,83725,82957
Lombardia,53,85495,84157
Lombardia,54,84436,83800
Lombardia,55,83770,83187
Lombardia,56,77408,78489
Lombardia,57,73124,74733
Lombardia,58,70576,72608
Lombardia,59,67792,70250
Lombardia,60,65281,68668
Lombardia,61,62178,65238
Lombardia,62,60628,64086
Lombardia,63,59412,62993
Lombardia,64,56730,61918
Lombardia,65,55641,60253
Lombardia,66,53650,58088
Lombardia,67,52901,58131
Lombardia,68,51811,57818
Lombardia,69,53885,59808
Lombardia,70,53947,60389
Lombardia,71,55243,62509
Lombardia,72,53049,60453
Lombardia,73,53809,62153
Lombardia,74,39091,45685
Lombardia,75,40770,49059
Lombardia,76,39411,48388
Lombardia,77,39326,49065
Lombardia,78,38950,50014
Lombardia,79,41497,53401
Lombardia,80,39206,51554
Lombardia,81,36149,49382
Lombardia,82,30772,43613
Lombardia,83,26228,39047
Lombardia,84,24841,38863
Lombardia,85,21307,35346
Lombardia,86,18237,32392
Lombardia,87,15918,29830
Lombardia,88,13514,27035
Lombardia,89,11415,24828
Lombardia,90,8649,20681
Lombardia,91,6670,17382
Lombardia,92,5114,14465
Lombardia,93,3712,11581
Lombardia,94,2639,9290
Lombardia,95,1797,7186
Lombardia,96,1288,5346
Lombardia,97,819,3805
Lombardia,98,536,2792
Lombardia,99,312,1781
Lombardia,100,248,2070
Lombardia,Totale,4912375,5115227
Trentino-Alto Adige,0,4909,4559
Trentino-Alto Adige,1,5008,4728
Trentino-Alto Adige,2,5147,4877
Trentino-Alto Adige,3,5260,5018
Trentino-Alto Adige,4,5324,5072
Trentino-Alto Adige,5,5460,5176
Trentino-Alto Adige,6,5493,5130
Trentino-Alto Adige,7,5584,5275
Trentino-Alto Adige,8,5581,5320
Trentino-Alto Adige,9,5744,5348
Trentino-Alto Adige,10,5670,5304
Trentino-Alto Adige,11,5787,5493
Trentino-Alto Adige,12,5813,5344
Trentino-Alto Adige,13,5794,5443
Trentino-Alto Adige,14,5976,5420
Trentino-Alto Adige,15,5943,5586
Trentino-Alto Adige,16,5857,5404
Trentino-Alto Adige,17,5783,5381
Trentino-Alto Adige,18,6042,5454
Trentino-Alto Adige,19,6060,5712
Trentino-Alto Adige,20,6093,5687
Trentino-Alto Adige,21,6137,5791
Trentino-Alto Adige,22,6230,5684
Trentino-Alto Adige,23,6140,5741
Trentino-Alto Adige,24,6065,5538
Trentino-Alto Adige,25,6043,5730
Trentino-Alto Adige,26,5954,5687
Trentino-Alto Adige,27,6191,5889
Trentino-Alto Adige,28,6207,5868
Trentino-Alto Adige,29,6279,5895
Trentino-Alto Adige,30,6112,5913
Trentino-Alto Adige,31,6165,5927
Trentino-Alto Adige,32,5993,5904
Trentino-Alto Adige,33,6057,5866
Trentino-Alto Adige,34,6205,6004
Trentino-Alto Adige,35,6249,6015
Trentino-Alto Adige,36,6379,6250
Trentino-Alto Adige,37,6586,6473
Trentino-Alto Adige,38,6545,6411
Trentino-Alto Adige,39,6604,6531
Trentino-Alto Adige,40,6524,6655
Trentino-Alto Adige,41,6928,6955
Trentino-Alto Adige,42,6992,6988
Trentino-Alto Adige,43,7169,7378
Trentino-Alto Adige,44,7545,7766
Trentino-Alto Adige,45,8134,8095
Trentino-Alto Adige,46,8040,8232
Trentino-Alto Adige,47,8243,8270
Trentino-Alto Adige,48,8520,8556
Trentino-Alto Adige,49,8341,8421
Trentino-Alto Adige,50,8989,8645
Trentino-Alto Adige,51,8817,8660
Trentino-Alto Adige,52,8619,8797
Trentino-Alto Adige,53,8906,8878
Trentino-Alto Adige,54,9110,8799
Trentino-Alto Adige,55,8985,8838
Trentino-Alto Adige,56,8412,8284
Trentino-Alto Adige,57,7820,7961
Trentino-Alto Adige,58,7749,8003
Trentino-Alto Adige,59,7567,7505
Trentino-Alto Adige,60,7310,7234
Trentino-Alto Adige,61,6768,6877
Trentino-Alto Adige,62,6461,6891
Trentino-Alto Adige,63,6387,6504
Trentino-Alto Adige,64,6071,6249
Trentino-Alto Adige,65,5838,6063
Trentino-Alto Adige,66,5700,5988
Trentino-Alto Adige,67,5491,5863
Trentino-Alto Adige,68,5411,5608
Trentino-Alto Adige,69,5454,5900
Trentino-Alto Adige,70,5249,5572
Trentino-Alto Adige,71,5406,5725
Trentino-Alto Adige,72,5055,5694
Trentino-Alto Adige,73,5338,6105
Trentino-Alto Adige,74,3833,4306
Trentino-Alto Adige,75,4282,4980
Trentino-Alto Adige,76,4462,5248
Trentino-Alto Adige,77,4341,5150
Trentino-Alto Adige,78,4201,5143
Trentino-Alto Adige,79,3874,4965
Trentino-Alto Adige,80,3664,4703
Trentino-Alto Adige,81,3314,4374
Trentino-Alto Adige,82,2897,3881
Trentino-Alto Adige,83,2499,3670
Trentino-Alto Adige,84,2291,3556
Trentino-Alto Adige,85,2068,3354
Trentino-Alto Adige,86,1890,3106
Trentino-Alto Adige,87,1660,2863
Trentino-Alto Adige,88,1441,2595
Trentino-Alto Adige,89,1230,2516
Trentino-Alto Adige,90,917,2084
Trentino-Alto Adige,91,783,1755
Trentino-Alto Adige,92,611,1511
Trentino-Alto Adige,93,441,1226
Trentino-Alto Adige,94,319,1028
Trentino-Alto Adige,95,227,801
Trentino-Alto Adige,96,182,680
Trentino-Alto Adige,97,122,511
Trentino-Alto Adige,98,73,330
Trentino-Alto Adige,99,42,226
Trentino-Alto Adige,100,24,194
Trentino-Alto Adige,Totale,531506,546563
Veneto,0,17170,16105
Veneto,1,18182,17210
Veneto,2,19045,17886
Veneto,3,19652,18490
Veneto,4,20104,19164
Veneto,5,20775,19858
Veneto,6,21386,20228
Veneto,7,22410,21227
Veneto,8,22759,21680
Veneto,9,23631,22217
Veneto,10,23970,22523
Veneto,11,24379,23060
Veneto,12,24026,22912
Veneto,13,24202,22806
Veneto,14,24155,22562
Veneto,15,24434,22903
Veneto,16,23878,22581
Veneto,17,23819,22130
Veneto,18,23861,22057
Veneto,19,24839,23085
Veneto,20,24410,22854
Veneto,21,25119,22889
Veneto,22,25065,22951
Veneto,23,24876,22692
Veneto,24,24671,22235
Veneto,25,24364,22720
Veneto,26,24207,23235
Veneto,27,25406,23932
Veneto,28,25042,24193
Veneto,29,25868,24497
Veneto,30,25379,24753
Veneto,31,25784,25478
Veneto,32,25123,24462
Veneto,33,25022,25089
Veneto,34,26320,26407
Veneto,35,26351,26461
Veneto,36,27223,26760
Veneto,37,27887,28248
Veneto,38,28710,28546
Veneto,39,29856,28982
Veneto,40,30813,30528
Veneto,41,32922,32667
Veneto,42,33956,34078
Veneto,43,35831,35318
Veneto,44,37726,37068
Veneto,45,40012,39518
Veneto,46,39797,39192
Veneto,47,40703,39475
Veneto,48,40805,40398
Veneto,49,40992,40253
Veneto,50,42016,41333
Veneto,51,41273,41125
Veneto,52,41738,41276
Veneto,53,41925,41728
Veneto,54,41950,41685
Veneto,55,41863,42439
Veneto,56,39258,39684
Veneto,57,37709,38171
Veneto,58,36719,37491
Veneto,59,34573,35504
Veneto,60,34284,35243
Veneto,61,31863,33240
Veneto,62,31178,32416
Veneto,63,30267,32075
Veneto,64,29026,30934
Veneto,65,28673,30203
Veneto,66,27638,29141
Veneto,67,26815,28797
Veneto,68,26490,28180
Veneto,69,27004,29743
Veneto,70,26692,29001
Veneto,71,27070,30012
Veneto,72,26107,29235
Veneto,73,28001,31501
Veneto,74,18631,21794
Veneto,75,21355,24904
Veneto,76,21191,25451
Veneto,77,20078,24566
Veneto,78,19588,24041
Veneto,79,19956,25269
Veneto,80,19152,24113
Veneto,81,17182,23239
Veneto,82,14865,20744
Veneto,83,12690,19020
Veneto,84,12205,18519
Veneto,85,10761,17252
Veneto,86,8864,15053
Veneto,87,7593,14363
Veneto,88,6484,12947
Veneto,89,5643,12341
Veneto,90,4297,9879
Veneto,91,3334,8949
Veneto,92,2680,7639
Veneto,93,1940,5993
Veneto,94,1421,4847
Veneto,95,984,3644
Veneto,96,742,2875
Veneto,97,441,1971
Veneto,98,277,1387
Veneto,99,157,911
Veneto,100,157,985
Veneto,Totale,2389717,2489416
Friuli Venezia Giulia,0,3820,3630
Friuli Venezia Giulia,1,4003,3799
Friuli Venezia Giulia,2,4206,4023
Friuli Venezia Giulia,3,4430,4185
Friuli Venezia Giulia,4,4441,4274
Friuli Venezia Giulia,5,4790,4453
Friuli Venezia Giulia,6,4862,4564
Friuli Venezia Giulia,7,5028,4816
Friuli Venezia Giulia,8,5250,4771
Friuli Venezia Giulia,9,5352,5058
Friuli Venezia Giulia,10,5391,5159
Friuli Venezia Giulia,11,5449,5085
Friuli Venezia Giulia,12,5453,5281
Friuli Venezia Giulia,13,5426,5264
Friuli Venezia Giulia,14,5455,5056
Friuli Venezia Giulia,15,5359,5221
Friuli Venezia Giulia,16,5469,5048
Friuli Venezia Giulia,17,5362,5022
Friuli Venezia Giulia,18,5565,5021
Friuli Venezia Giulia,19,5672,5272
Friuli Venezia Giulia,20,5548,5038
Friuli Venezia Giulia,21,5659,5062
Friuli Venezia Giulia,22,5556,5020
Friuli Venezia Giulia,23,5759,5115
Friuli Venezia Giulia,24,5565,5002
Friuli Venezia Giulia,25,5547,5045
Friuli Venezia Giulia,26,5664,5097
Friuli Venezia Giulia,27,5928,5487
Friuli Venezia Giulia,28,5934,5627
Friuli Venezia Giulia,29,6037,5661
Friuli Venezia Giulia,30,6011,5690
Friuli Venezia Giulia,31,6117,5893
Friuli Venezia Giulia,32,5808,5729
Friuli Venezia Giulia,33,6026,5830
Friuli Venezia Giulia,34,6244,6150
Friuli Venezia Giulia,35,6465,6133
Friuli Venezia Giulia,36,6496,6154
Friuli Venezia Giulia,37,6818,6568
Friuli Venezia Giulia,38,6922,6567
Friuli Venezia Giulia,39,7196,6812
Friuli Venezia Giulia,40,7400,6991
Friuli Venezia Giulia,41,8029,7635
Friuli Venezia Giulia,42,8097,7818
Friuli Venezia Giulia,43,8442,8432
Friuli Venezia Giulia,44,9003,8868
Friuli Venezia Giulia,45,9739,9581
Friuli Venezia Giulia,46,9509,9624
Friuli Venezia Giulia,47,9896,9842
Friuli Venezia Giulia,48,9871,9911
Friuli Venezia Giulia,49,9859,10130
Friuli Venezia Giulia,50,10102,9969
Friuli Venezia Giulia,51,10060,9923
Friuli Venezia Giulia,52,10014,10203
Friuli Venezia Giulia,53,10033,10224
Friuli Venezia Giulia,54,10217,10270
Friuli Venezia Giulia,55,10385,10439
Friuli Venezia Giulia,56,9704,10044
Friuli Venezia Giulia,57,9250,9430
Friuli Venezia Giulia,58,9088,9131
Friuli Venezia Giulia,59,8789,8808
Friuli Venezia Giulia,60,8544,8803
Friuli Venezia Giulia,61,7935,8419
Friuli Venezia Giulia,62,7650,8311
Friuli Venezia Giulia,63,7673,8074
Friuli Venezia Giulia,64,7477,7900
Friuli Venezia Giulia,65,7221,7881
Friuli Venezia Giulia,66,7133,7867
Friuli Venezia Giulia,67,6928,7881
Friuli Venezia Giulia,68,6840,7754
Friuli Venezia Giulia,69,7288,8210
Friuli Venezia Giulia,70,7189,8023
Friuli Venezia Giulia,71,7627,8511
Friuli Venezia Giulia,72,7432,8632
Friuli Venezia Giulia,73,7873,8887
Friuli Venezia Giulia,74,5318,6044
Friuli Venezia Giulia,75,6150,7290
Friuli Venezia Giulia,76,5979,7092
Friuli Venezia Giulia,77,5781,7220
Friuli Venezia Giulia,78,5777,7183
Friuli Venezia Giulia,79,5922,7479
Friuli Venezia Giulia,80,5357,7086
Friuli Venezia Giulia,81,4971,6683
Friuli Venezia Giulia,82,4364,5988
Friuli Venezia Giulia,83,3643,5517
Friuli Venezia Giulia,84,3352,5204
Friuli Venezia Giulia,85,2745,4750
Friuli Venezia Giulia,86,2467,4319
Friuli Venezia Giulia,87,2111,4056
Friuli Venezia Giulia,88,1844,3648
Friuli Venezia Giulia,89,1643,3559
Friuli Venezia Giulia,90,1205,2954
Friuli Venezia Giulia,91,987,2531
Friuli Venezia Giulia,92,757,2220
Friuli Venezia Giulia,93,559,1913
Friuli Venezia Giulia,94,446,1529
Friuli Venezia Giulia,95,346,1219
Friuli Venezia Giulia,96,239,948
Friuli Venezia Giulia,97,153,680
Friuli Venezia Giulia,98,101,581
Friuli Venezia Giulia,99,71,355
Friuli Venezia Giulia,100,51,341
Friuli Venezia Giulia,Totale,586719,619497
Liguria,0,4421,4211
Liguria,1,4628,4343
Liguria,2,5002,4672
Liguria,3,5163,4763
Liguria,4,5224,4978
Liguria,5,5640,5218
Liguria,6,5691,5265
Liguria,7,5936,5654
Liguria,8,5847,5562
Liguria,9,6065,5865
Liguria,10,6259,6213
Liguria,11,6469,6269
Liguria,12,6546,5918
Liguria,13,6453,6186
Liguria,14,6525,6046
Liguria,15,6476,6172
Liguria,16,6461,5968
Liguria,17,6616,6162
Liguria,18,6656,6286
Liguria,19,6914,6325
Liguria,20,7000,6138
Liguria,21,7135,6253
Liguria,22,7003,6332
Liguria,23,7315,6331
Liguria,24,6956,6311
Liguria,25,6907,6443
Liguria,26,7031,6548
Liguria,27,7482,6845
Liguria,28,7183,6910
Liguria,29,7240,6960
Liguria,30,7202,6996
Liguria,31,7383,7157
Liguria,32,7340,6858
Liguria,33,7210,6890
Liguria,34,7499,7242
Liguria,35,7424,7196
Liguria,36,7653,7358
Liguria,37,7658,7336
Liguria,38,7866,7801
Liguria,39,7778,7755
Liguria,40,7977,8293
Liguria,41,8546,9040
Liguria,42,9131,9476
Liguria,43,9834,9954
Liguria,44,10483,10694
Liguria,45,11044,11532
Liguria,46,11419,11571
Liguria,47,12031,12191
Liguria,48,12152,12338
Liguria,49,12059,12605
Liguria,50,12409,12837
Liguria,51,12589,12896
Liguria,52,12273,13078
Liguria,53,12907,13433
Liguria,54,13136,13697
Liguria,55,13346,13701
Liguria,56,12352,13074
Liguria,57,11828,12631
Liguria,58,11465,12203
Liguria,59,11066,11764
Liguria,60,10916,11703
Liguria,61,10379,11235
Liguria,62,10357,10998
Liguria,63,10000,10763
Liguria,64,9564,10519
Liguria,65,9564,10415
Liguria,66,9146,10156
Liguria,67,8858,9806
Liguria,68,8680,9937
Liguria,69,9362,10417
Liguria,70,9203,10760
Liguria,71,9770,11254
Liguria,72,9871,11634
Liguria,73,9712,11765
Liguria,74,6997,8461
Liguria,75,7779,9526
Liguria,76,7473,9235
Liguria,77,7358,9609
Liguria,78,7468,9814
Liguria,79,7868,10477
Liguria,80,7476,10203
Liguria,81,7024,9879
Liguria,82,6199,9045
Liguria,83,5391,8201
Liguria,84,5022,7859
Liguria,85,4437,7193
Liguria,86,3997,6757
Liguria,87,3482,6453
Liguria,88,3015,5885
Liguria,89,2679,5613
Liguria,90,2105,4696
Liguria,91,1686,3890
Liguria,92,1313,3258
Liguria,93,909,2677
Liguria,94,692,2116
Liguria,95,471,1629
Liguria,96,325,1239
Liguria,97,221,953
Liguria,98,145,654
Liguria,99,82,465
Liguria,100,71,562
Liguria,Totale,730371,794455
Emilia-Romagna,0,15718,15196
Emilia-Romagna,1,17006,15773
Emilia-Romagna,2,17483,16256
Emilia-Romagna,3,18132,17215
Emilia-Romagna,4,18734,17773
Emilia-Romagna,5,19223,18227
Emilia-Romagna,6,19618,18767
Emilia-Romagna,7,20495,19098
Emilia-Romagna,8,20718,19658
Emilia-Romagna,9,21558,20162
Emilia-Romagna,10,21765,20652
Emilia-Romagna,11,21771,20392
Emilia-Romagna,12,21699,20175
Emilia-Romagna,13,21439,20067
Emilia-Romagna,14,21059,19784
Emilia-Romagna,15,20838,19620
Emilia-Romagna,16,20486,19008
Emilia-Romagna,17,20704,19111
Emilia-Romagna,18,20769,19141
Emilia-Romagna,19,21518,19308
Emilia-Romagna,20,21081,19047
Emilia-Romagna,21,21783,18687
Emilia-Romagna,22,21349,19144
Emilia-Romagna,23,21123,19286
Emilia-Romagna,24,21216,19141
Emilia-Romagna,25,21374,19848
Emilia-Romagna,26,21725,20162
Emilia-Romagna,27,22792,21605
Emilia-Romagna,28,23081,21897
Emilia-Romagna,29,23563,22756
Emilia-Romagna,30,23346,22804
Emilia-Romagna,31,23813,23070
Emilia-Romagna,32,23451,23413
Emilia-Romagna,33,23664,23774
Emilia-Romagna,34,24641,24687
Emilia-Romagna,35,25313,25169
Emilia-Romagna,36,25731,25890
Emilia-Romagna,37,26551,26649
Emilia-Romagna,38,26836,26777
Emilia-Romagna,39,27916,27746
Emilia-Romagna,40,28841,29157
Emilia-Romagna,41,30845,30875
Emilia-Romagna,42,32046,32276
Emilia-Romagna,43,33697,33819
Emilia-Romagna,44,35416,35578
Emilia-Romagna,45,37239,36828
Emilia-Romagna,46,37029,37014
Emilia-Romagna,47,37184,37042
Emilia-Romagna,48,37425,37303
Emilia-Romagna,49,36659,37039
Emilia-Romagna,50,36996,37380
Emilia-Romagna,51,36946,37027
Emilia-Romagna,52,36309,36534
Emilia-Romagna,53,36646,36868
Emilia-Romagna,54,35959,36508
Emilia-Romagna,55,36418,37256
Emilia-Romagna,56,33960,34918
Emilia-Romagna,57,32382,34068
Emilia-Romagna,58,31593,33399
Emilia-Romagna,59,30419,32511
Emilia-Romagna,60,29673,31756
Emilia-Romagna,61,28177,30263
Emilia-Romagna,62,27851,30115
Emilia-Romagna,63,27291,29618
Emilia-Romagna,64,26042,28431
Emilia-Romagna,65,24915,27965
Emilia-Romagna,66,23892,26640
Emilia-Romagna,67,23180,26523
Emilia-Romagna,68,22969,25856
Emilia-Romagna,69,23818,27236
Emilia-Romagna,70,24102,27349
Emilia-Romagna,71,25327,28751
Emilia-Romagna,72,25306,28161
Emilia-Romagna,73,25103,28807
Emilia-Romagna,74,17325,20463
Emilia-Romagna,75,19280,22565
Emilia-Romagna,76,18814,22309
Emilia-Romagna,77,18015,21897
Emilia-Romagna,78,18099,22185
Emilia-Romagna,79,18944,24327
Emilia-Romagna,80,18169,23619
Emilia-Romagna,81,17473,23127
Emilia-Romagna,82,15219,20252
Emilia-Romagna,83,12896,18388
Emilia-Romagna,84,12968,18660
Emilia-Romagna,85,11608,17673
Emilia-Romagna,86,9893,15674
Emilia-Romagna,87,8364,14026
Emilia-Romagna,88,7528,13162
Emilia-Romagna,89,6464,12503
Emilia-Romagna,90,5062,10217
Emilia-Romagna,91,4083,8996
Emilia-Romagna,92,3132,7753
Emilia-Romagna,93,2338,6285
Emilia-Romagna,94,1720,5254
Emilia-Romagna,95,1316,3998
Emilia-Romagna,96,858,3154
Emilia-Romagna,97,575,2234
Emilia-Romagna,98,406,1602
Emilia-Romagna,99,263,1026
Emilia-Romagna,100,232,1183
Emilia-Romagna,Totale,2173781,2290338
Toscana,0,11780,11440
Toscana,1,12555,12158
Toscana,2,13426,12686
Toscana,3,13853,13178
Toscana,4,14333,13269
Toscana,5,14974,14187
Toscana,6,15197,14270
Toscana,7,15961,15328
Toscana,8,16251,15417
Toscana,9,16807,15897
Toscana,10,16895,15945
Toscana,11,17587,16269
Toscana,12,17432,16115
Toscana,13,17160,16116
Toscana,14,17146,16019
Toscana,15,17135,16009
Toscana,16,16743,15605
Toscana,17,16905,15684
Toscana,18,16889,15758
Toscana,19,17340,15835
Toscana,20,17235,15268
Toscana,21,17731,15543
Toscana,22,17448,15606
Toscana,23,17320,15760
Toscana,24,17118,15676
Toscana,25,17037,16044
Toscana,26,17451,16201
Toscana,27,18189,17385
Toscana,28,18135,17342
Toscana,29,19152,18102
Toscana,30,18666,18264
Toscana,31,19390,19005
Toscana,32,18912,18661
Toscana,33,18577,19099
Toscana,34,19522,19940
Toscana,35,19973,20153
Toscana,36,20441,20841
Toscana,37,21207,21309
Toscana,38,21424,21687
Toscana,39,22168,22249
Toscana,40,23061,23522
Toscana,41,24465,24939
Toscana,42,25363,25913
Toscana,43,26414,27341
Toscana,44,27843,28727
Toscana,45,29208,30141
Toscana,46,29231,30361
Toscana,47,29746,30349
Toscana,48,29813,30751
Toscana,49,29638,29841
Toscana,50,30101,30964
Toscana,51,29428,30767
Toscana,52,29534,31065
Toscana,53,30202,31158
Toscana,54,30110,31215
Toscana,55,30251,31637
Toscana,56,28184,29584
Toscana,57,27072,28578
Toscana,58,26242,28224
Toscana,59,25663,27131
Toscana,60,24998,26502
Toscana,61,23537,25960
Toscana,62,23068,25271
Toscana,63,22680,24940
Toscana,64,22025,24584
Toscana,65,21694,24355
Toscana,66,20825,22804
Toscana,67,20375,22753
Toscana,68,20413,22423
Toscana,69,20861,23185
Toscana,70,21550,24312
Toscana,71,22807,25819
Toscana,72,22412,25887
Toscana,73,22404,25872
Toscana,74,17084,20090
Toscana,75,16846,19941
Toscana,76,16537,19990
Toscana,77,15516,19100
Toscana,78,15500,19734
Toscana,79,16774,21976
Toscana,80,15997,20744
Toscana,81,15497,20502
Toscana,82,13212,18356
Toscana,83,11504,16303
Toscana,84,11080,16241
Toscana,85,9554,14598
Toscana,86,8429,13481
Toscana,87,7161,12378
Toscana,88,6403,11618
Toscana,89,5604,10991
Toscana,90,4311,9063
Toscana,91,3436,7894
Toscana,92,2777,6558
Toscana,93,2073,5308
Toscana,94,1389,4289
Toscana,95,1065,3354
Toscana,96,746,2558
Toscana,97,450,1842
Toscana,98,331,1350
Toscana,99,190,908
Toscana,100,169,875
Toscana,Totale,1784318,1908237
Umbria,0,2766,2722
Umbria,1,2954,2745
Umbria,2,3071,2921
Umbria,3,3259,3122
Umbria,4,3295,3133
Umbria,5,3500,3345
Umbria,6,3682,3436
Umbria,7,3751,3710
Umbria,8,3836,3716
Umbria,9,4002,3740
Umbria,10,3991,3715
Umbria,11,4128,4004
Umbria,12,4182,3915
Umbria,13,4136,3846
Umbria,14,4114,3834
Umbria,15,3957,3786
Umbria,16,4016,3640
Umbria,17,3906,3762
Umbria,18,3949,3651
Umbria,19,3995,3830
Umbria,20,4201,3617
Umbria,21,4242,3671
Umbria,22,4160,3708
Umbria,23,4168,3748
Umbria,24,4131,3776
Umbria,25,4097,3851
Umbria,26,4225,3943
Umbria,27,4458,4146
Umbria,28,4387,4097
Umbria,29,4433,4289
Umbria,30,4525,4393
Umbria,31,4694,4642
Umbria,32,4567,4460
Umbria,33,4562,4628
Umbria,34,4672,4824
Umbria,35,4747,4872
Umbria,36,5139,5141
Umbria,37,5147,5067
Umbria,38,5214,5277
Umbria,39,5304,5288
Umbria,40,5478,5536
Umbria,41,5680,5925
Umbria,42,5992,6095
Umbria,43,6180,6244
Umbria,44,6353,6688
Umbria,45,6645,6999
Umbria,46,6685,6876
Umbria,47,6505,6895
Umbria,48,6637,6996
Umbria,49,6637,6786
Umbria,50,6745,7115
Umbria,51,6657,7155
Umbria,52,6572,7081
Umbria,53,6658,7002
Umbria,54,6921,7249
Umbria,55,6930,7300
Umbria,56,6338,6992
Umbria,57,6224,6731
Umbria,58,6279,6628
Umbria,59,6102,6620
Umbria,60,5852,6336
Umbria,61,5528,6005
Umbria,62,5385,5900
Umbria,63,5490,5979
Umbria,64,5331,5844
Umbria,65,5128,5758
Umbria,66,5110,5579
Umbria,67,4755,5327
Umbria,68,5009,5547
Umbria,69,5088,5588
Umbria,70,5239,5766
Umbria,71,5584,6129
Umbria,72,5105,5660
Umbria,73,4811,5477
Umbria,74,3796,4411
Umbria,75,3918,4738
Umbria,76,4168,4811
Umbria,77,3771,4424
Umbria,78,3728,4471
Umbria,79,4061,4936
Umbria,80,3730,4929
Umbria,81,3751,4868
Umbria,82,3038,4405
Umbria,83,2695,3957
Umbria,84,2613,3867
Umbria,85,2366,3672
Umbria,86,2158,3373
Umbria,87,1780,2936
Umbria,88,1633,2917
Umbria,89,1380,2710
Umbria,90,986,2250
Umbria,91,812,1922
Umbria,92,650,1728
Umbria,93,517,1339
Umbria,94,375,1135
Umbria,95,302,848
Umbria,96,176,607
Umbria,97,119,423
Umbria,98,91,332
Umbria,99,49,200
Umbria,100,35,243
Umbria,Totale,419894,450271
Marche,0,5006,4576
Marche,1,5217,4923
Marche,2,5485,5221
Marche,3,5909,5493
Marche,4,6022,5839
Marche,5,6275,5904
Marche,6,6515,5975
Marche,7,6594,6224
Marche,8,6826,6626
Marche,9,7042,6590
Marche,10,7218,6782
Marche,11,7267,6807
Marche,12,7158,6709
Marche,13,7050,6645
Marche,14,7003,6663
Marche,15,7126,6574
Marche,16,6944,6608
Marche,17,7113,6569
Marche,18,7064,6594
Marche,19,7551,6723
Marche,20,7463,6772
Marche,21,7785,6790
Marche,22,7587,6826
Marche,23,7510,6763
Marche,24,7561,6867
Marche,25,7436,6872
Marche,26,7500,7100
Marche,27,7842,7359
Marche,28,7863,7292
Marche,29,7957,7594
Marche,30,7791,7576
Marche,31,7883,7842
Marche,32,7799,7574
Marche,33,8082,7849
Marche,34,8080,8210
Marche,35,8255,8226
Marche,36,8441,8565
Marche,37,8901,8844
Marche,38,8946,8898
Marche,39,9351,9274
Marche,40,9639,9811
Marche,41,10365,10334
Marche,42,10522,10772
Marche,43,11013,10891
Marche,44,11401,11620
Marche,45,11843,11742
Marche,46,11534,11713
Marche,47,11724,11770
Marche,48,11975,12287
Marche,49,11693,11801
Marche,50,11901,12487
Marche,51,11883,12167
Marche,52,11824,12301
Marche,53,11961,12323
Marche,54,11996,12164
Marche,55,12293,12560
Marche,56,11506,12011
Marche,57,11153,11233
Marche,58,11148,11488
Marche,59,10594,11201
Marche,60,10190,11010
Marche,61,9931,10631
Marche,62,9629,10454
Marche,63,9599,10599
Marche,64,9217,10186
Marche,65,9002,9694
Marche,66,8665,9485
Marche,67,8727,9333
Marche,68,8726,9554
Marche,69,8882,9652
Marche,70,8508,9345
Marche,71,8648,9660
Marche,72,8361,9228
Marche,73,8168,9377
Marche,74,6773,7637
Marche,75,6364,7467
Marche,76,6639,7785
Marche,77,6113,7422
Marche,78,5928,7486
Marche,79,6578,8454
Marche,80,6599,8467
Marche,81,6321,8443
Marche,82,5555,7368
Marche,83,4680,6841
Marche,84,4596,6890
Marche,85,4136,6214
Marche,86,3549,5772
Marche,87,2919,5009
Marche,88,2756,4923
Marche,89,2314,4473
Marche,90,1814,3572
Marche,91,1460,3203
Marche,92,1197,2854
Marche,93,849,2366
Marche,94,672,1884
Marche,95,418,1364
Marche,96,329,1039
Marche,97,202,733
Marche,98,128,563
Marche,99,94,352
Marche,100,69,378
Marche,Totale,735691,776981
Lazio,0,19697,18465
Lazio,1,21734,20595
Lazio,2,22860,21447
Lazio,3,23953,22637
Lazio,4,24335,23446
Lazio,5,25615,23898
Lazio,6,25957,24493
Lazio,7,27324,26009
Lazio,8,27399,25896
Lazio,9,28116,26493
Lazio,10,28338,26442
Lazio,11,28167,27037
Lazio,12,28661,26769
Lazio,13,28261,26734
Lazio,14,27449,25800
Lazio,15,27681,26000
Lazio,16,27280,25891
Lazio,17,27007,25264
Lazio,18,27298,25435
Lazio,19,28048,25741
Lazio,20,27906,25341
Lazio,21,28682,25641
Lazio,22,28497,25708
Lazio,23,28798,25964
Lazio,24,29169,26174
Lazio,25,29051,26776
Lazio,26,29243,27614
Lazio,27,30659,28907
Lazio,28,30248,28913
Lazio,29,31252,29918
Lazio,30,31230,30280
Lazio,31,32167,31538
Lazio,32,31687,31721
Lazio,33,32079,31744
Lazio,34,33454,33416
Lazio,35,34722,34341
Lazio,36,35567,35038
Lazio,37,36661,36860
Lazio,38,36780,37582
Lazio,39,37605,38236
Lazio,40,38659,39579
Lazio,41,40660,41853
Lazio,42,41497,42593
Lazio,43,42878,44780
Lazio,44,45028,47066
Lazio,45,46529,49270
Lazio,46,46614,49180
Lazio,47,46966,49806
Lazio,48,46873,49854
Lazio,49,47022,49621
Lazio,50,47322,50650
Lazio,51,46692,50158
Lazio,52,46501,50400
Lazio,53,47286,49996
Lazio,54,47144,49959
Lazio,55,47563,51032
Lazio,56,44355,47906
Lazio,57,42379,45800
Lazio,58,41033,44646
Lazio,59,39124,42884
Lazio,60,37695,41593
Lazio,61,35867,39947
Lazio,62,35154,39131
Lazio,63,34400,38022
Lazio,64,33567,37448
Lazio,65,32588,36866
Lazio,66,30600,34675
Lazio,67,29698,33710
Lazio,68,29014,33364
Lazio,69,29674,34076
Lazio,70,29442,33961
Lazio,71,30489,35866
Lazio,72,30137,35125
Lazio,73,28556,34408
Lazio,74,21868,26876
Lazio,75,21717,26670
Lazio,76,21986,28028
Lazio,77,20998,26930
Lazio,78,20768,26866
Lazio,79,21934,29382
Lazio,80,20627,27777
Lazio,81,18948,26319
Lazio,82,16628,23840
Lazio,83,14674,21739
Lazio,84,13955,20969
Lazio,85,12048,19514
Lazio,86,10448,17386
Lazio,87,8811,15478
Lazio,88,7801,14192
Lazio,89,6742,13482
Lazio,90,5173,10558
Lazio,91,3921,8962
Lazio,92,3019,7417
Lazio,93,2323,6106
Lazio,94,1601,4630
Lazio,95,1216,3658
Lazio,96,852,2766
Lazio,97,598,1968
Lazio,98,369,1443
Lazio,99,272,958
Lazio,100,241,1176
Lazio,Totale,2779181,2976519
Abruzzo,0,4264,4108
Abruzzo,1,4494,4316
Abruzzo,2,4874,4562
Abruzzo,3,5138,4833
Abruzzo,4,5211,4874
Abruzzo,5,5296,5004
Abruzzo,6,5381,5072
Abruzzo,7,5623,5343
Abruzzo,8,5802,5313
Abruzzo,9,5882,5597
Abruzzo,10,5821,5465
Abruzzo,11,6015,5676
Abruzzo,12,5863,5624
Abruzzo,13,5870,5494
Abruzzo,14,5854,5634
Abruzzo,15,6035,5559
Abruzzo,16,5970,5543
Abruzzo,17,5930,5456
Abruzzo,18,6090,5703
Abruzzo,19,6412,5647
Abruzzo,20,6309,5716
Abruzzo,21,6476,5943
Abruzzo,22,6542,5819
Abruzzo,23,6481,6119
Abruzzo,24,6548,5931
Abruzzo,25,6683,6309
Abruzzo,26,6955,6419
Abruzzo,27,7181,6747
Abruzzo,28,7106,6736
Abruzzo,29,7191,6872
Abruzzo,30,7329,6807
Abruzzo,31,7341,7068
Abruzzo,32,7138,7018
Abruzzo,33,7386,7161
Abruzzo,34,7551,7396
Abruzzo,35,7760,7472
Abruzzo,36,7739,7490
Abruzzo,37,7955,7976
Abruzzo,38,7966,7869
Abruzzo,39,8307,7984
Abruzzo,40,8565,8365
Abruzzo,41,8940,8654
Abruzzo,42,8999,8739
Abruzzo,43,9308,9185
Abruzzo,44,9363,9642
Abruzzo,45,9987,9832
Abruzzo,46,9647,9928
Abruzzo,47,9982,10212
Abruzzo,48,10044,10514
Abruzzo,49,9910,10244
Abruzzo,50,10418,10636
Abruzzo,51,10332,10540
Abruzzo,52,10322,10738
Abruzzo,53,10447,10798
Abruzzo,54,10452,10820
Abruzzo,55,10636,10742
Abruzzo,56,9842,10290
Abruzzo,57,9470,9923
Abruzzo,58,9113,9926
Abruzzo,59,9016,9696
Abruzzo,60,8844,9577
Abruzzo,61,8552,9181
Abruzzo,62,8422,9050
Abruzzo,63,8422,8756
Abruzzo,64,8228,8960
Abruzzo,65,8038,8758
Abruzzo,66,7535,8193
Abruzzo,67,7479,8120
Abruzzo,68,7350,8246
Abruzzo,69,7675,8319
Abruzzo,70,7731,8502
Abruzzo,71,7694,8655
Abruzzo,72,7341,8062
Abruzzo,73,7077,7764
Abruzzo,74,5110,5956
Abruzzo,75,5539,6253
Abruzzo,76,5149,6137
Abruzzo,77,4934,5893
Abruzzo,78,4887,5849
Abruzzo,79,5348,6691
Abruzzo,80,5207,6695
Abruzzo,81,4610,5988
Abruzzo,82,4385,5825
Abruzzo,83,3841,5392
Abruzzo,84,3612,5273
Abruzzo,85,3151,4900
Abruzzo,86,2902,4774
Abruzzo,87,2414,4021
Abruzzo,88,2118,3813
Abruzzo,89,1941,3626
Abruzzo,90,1435,2904
Abruzzo,91,1114,2464
Abruzzo,92,932,2157
Abruzzo,93,649,1677
Abruzzo,94,491,1298
Abruzzo,95,352,1044
Abruzzo,96,230,772
Abruzzo,97,166,579
Abruzzo,98,140,386
Abruzzo,99,73,259
Abruzzo,100,63,330
Abruzzo,Totale,631743,662198
Molise,0,983,905
Molise,1,949,914
Molise,2,1083,996
Molise,3,1029,997
Molise,4,1096,1019
Molise,5,1153,1000
Molise,6,1119,1073
Molise,7,1175,1070
Molise,8,1164,1152
Molise,9,1283,1161
Molise,10,1183,1088
Molise,11,1304,1167
Molise,12,1271,1210
Molise,13,1268,1211
Molise,14,1336,1212
Molise,15,1371,1195
Molise,16,1358,1245
Molise,17,1351,1321
Molise,18,1426,1314
Molise,19,1484,1383
Molise,20,1588,1377
Molise,21,1722,1420
Molise,22,1666,1410
Molise,23,1601,1476
Molise,24,1630,1510
Molise,25,1735,1505
Molise,26,1737,1580
Molise,27,1779,1648
Molise,28,1833,1563
Molise,29,1738,1604
Molise,30,1742,1607
Molise,31,1767,1619
Molise,32,1833,1595
Molise,33,1762,1578
Molise,34,1768,1670
Molise,35,1779,1648
Molise,36,1826,1653
Molise,37,1823,1760
Molise,38,1866,1779
Molise,39,1822,1764
Molise,40,1924,1873
Molise,41,1971,1931
Molise,42,1989,1974
Molise,43,2146,1920
Molise,44,2202,2122
Molise,45,2276,2223
Molise,46,2143,2197
Molise,47,2211,2246
Molise,48,2210,2218
Molise,49,2213,2225
Molise,50,2299,2384
Molise,51,2316,2379
Molise,52,2344,2477
Molise,53,2378,2508
Molise,54,2419,2465
Molise,55,2530,2523
Molise,56,2372,2322
Molise,57,2249,2317
Molise,58,2291,2233
Molise,59,2283,2354
Molise,60,2168,2276
Molise,61,1989,2215
Molise,62,2070,2134
Molise,63,2101,2096
Molise,64,2025,2096
Molise,65,2003,2155
Molise,66,1849,1937
Molise,67,1893,2019
Molise,68,1748,1857
Molise,69,1893,1985
Molise,70,1975,2055
Molise,71,1903,2002
Molise,72,1782,1926
Molise,73,1678,1730
Molise,74,1246,1395
Molise,75,1192,1379
Molise,76,1105,1290
Molise,77,1074,1223
Molise,78,1111,1412
Molise,79,1235,1578
Molise,80,1242,1691
Molise,81,1068,1374
Molise,82,999,1407
Molise,83,926,1425
Molise,84,877,1353
Molise,85,833,1305
Molise,86,724,1215
Molise,87,596,1054
Molise,88,538,940
Molise,89,486,985
Molise,90,383,757
Molise,91,270,641
Molise,92,219,597
Molise,93,171,469
Molise,94,113,343
Molise,95,99,294
Molise,96,67,202
Molise,97,48,171
Molise,98,43,119
Molise,99,18,79
Molise,100,24,92
Molise,Totale,147953,152563
Campania,0,23548,22462
Campania,1,24392,22746
Campania,2,25245,24101
Campania,3,25422,24056
Campania,4,25755,24455
Campania,5,26369,24576
Campania,6,26543,25463
Campania,7,28135,26238
Campania,8,28661,26870
Campania,9,29648,27591
Campania,10,30083,28701
Campania,11,30405,29066
Campania,12,31065,29669
Campania,13,31568,29537
Campania,14,31716,29988
Campania,15,32881,30912
Campania,16,32944,31576
Campania,17,32907,31204
Campania,18,34083,31736
Campania,19,34789,32455
Campania,20,35099,32426
Campania,21,35426,32326
Campania,22,35245,32389
Campania,23,35249,32905
Campania,24,34679,33423
Campania,25,35176,33582
Campania,26,35466,34362
Campania,27,36800,35854
Campania,28,36232,35588
Campania,29,35958,35294
Campania,30,35567,35215
Campania,31,35879,35798
Campania,32,35137,34254
Campania,33,34643,34189
Campania,34,35725,34665
Campania,35,35596,35841
Campania,36,35980,36025
Campania,37,37127,36689
Campania,38,36239,36702
Campania,39,37055,36932
Campania,40,37549,38091
Campania,41,38483,39232
Campania,42,39267,39978
Campania,43,40615,41593
Campania,44,42193,42816
Campania,45,43116,44827
Campania,46,42280,44381
Campania,47,42565,44669
Campania,48,42476,45209
Campania,49,41719,44538
Campania,50,43091,45468
Campania,51,42853,45637
Campania,52,43220,46290
Campania,53,43598,46445
Campania,54,43588,46343
Campania,55,44388,47363
Campania,56,41300,44681
Campania,57,40139,43762
Campania,58,39222,42815
Campania,59,37444,41037
Campania,60,37047,40129
Campania,61,34939,38127
Campania,62,34478,37499
Campania,63,32639,35943
Campania,64,33276,35853
Campania,65,32405,35734
Campania,66,29845,32447
Campania,67,28725,31315
Campania,68,28700,31173
Campania,69,28825,31768
Campania,70,28408,31781
Campania,71,28798,32349
Campania,72,27315,31061
Campania,73,27197,31071
Campania,74,21796,25201
Campania,75,18119,21575
Campania,76,18807,23506
Campania,77,17589,22110
Campania,78,16132,21335
Campania,79,17270,22960
Campania,80,16138,22169
Campania,81,14162,20119
Campania,82,12837,18623
Campania,83,10891,17016
Campania,84,10401,16460
Campania,85,8873,14726
Campania,86,8103,13878
Campania,87,6918,12271
Campania,88,5743,10959
Campania,89,4870,10116
Campania,90,3740,7979
Campania,91,2873,6756
Campania,92,2150,5346
Campania,93,1613,4141
Campania,94,1095,3281
Campania,95,785,2409
Campania,96,557,1809
Campania,97,395,1275
Campania,98,237,912
Campania,99,183,600
Campania,100,199,709
Campania,Totale,2784616,2927527
Puglia,0,13955,13171
Puglia,1,14770,13646
Puglia,2,15104,14543
Puglia,3,15745,14852
Puglia,4,15835,15136
Puglia,5,16773,15645
Puglia,6,17002,16059
Puglia,7,17709,16568
Puglia,8,18212,17171
Puglia,9,18776,17780
Puglia,10,19033,17922
Puglia,11,19306,18167
Puglia,12,19591,18324
Puglia,13,19525,18637
Puglia,14,20075,18791
Puglia,15,20477,19790
Puglia,16,20733,19865
Puglia,17,20852,19919
Puglia,18,21746,20299
Puglia,19,22251,20876
Puglia,20,22662,20478
Puglia,21,22593,20560
Puglia,22,22436,20589
Puglia,23,22357,20879
Puglia,24,22303,20761
Puglia,25,22352,20914
Puglia,26,22779,21513
Puglia,27,23631,22407
Puglia,28,23123,22007
Puglia,29,23105,21826
Puglia,30,22323,22094
Puglia,31,23131,22377
Puglia,32,22479,22085
Puglia,33,22455,21744
Puglia,34,22130,22104
Puglia,35,22758,23114
Puglia,36,23136,23051
Puglia,37,23593,24118
Puglia,38,23830,24600
Puglia,39,24791,25048
Puglia,40,26197,26336
Puglia,41,27096,27193
Puglia,42,28166,28316
Puglia,43,29075,29581
Puglia,44,29923,30318
Puglia,45,30282,31500
Puglia,46,29408,30463
Puglia,47,29115,29875
Puglia,48,29740,30668
Puglia,49,29519,30521
Puglia,50,29848,31736
Puglia,51,29980,31808
Puglia,52,30521,32051
Puglia,53,30677,32334
Puglia,54,30420,32582
Puglia,55,30986,32919
Puglia,56,28515,30773
Puglia,57,27804,29944
Puglia,58,27482,29649
Puglia,59,26785,28772
Puglia,60,25902,28275
Puglia,61,24227,27060
Puglia,62,24746,27181
Puglia,63,23939,26472
Puglia,64,23694,26222
Puglia,65,23105,25313
Puglia,66,22201,24493
Puglia,67,21194,23495
Puglia,68,21878,24189
Puglia,69,22421,24893
Puglia,70,22233,24666
Puglia,71,23184,26214
Puglia,72,21645,24485
Puglia,73,20807,24241
Puglia,74,17601,20157
Puglia,75,15445,18294
Puglia,76,15160,18123
Puglia,77,15150,18433
Puglia,78,14072,17264
Puglia,79,14831,18529
Puglia,80,13946,18288
Puglia,81,12657,17015
Puglia,82,11329,15902
Puglia,83,9964,14295
Puglia,84,9390,13866
Puglia,85,8395,12956
Puglia,86,7253,11676
Puglia,87,6227,10560
Puglia,88,5408,9491
Puglia,89,4773,8833
Puglia,90,3528,7024
Puglia,91,2817,6014
Puglia,92,2263,5088
Puglia,93,1561,3860
Puglia,94,1169,2934
Puglia,95,836,2139
Puglia,96,615,1744
Puglia,97,411,1214
Puglia,98,246,832
Puglia,99,157,568
Puglia,100,176,706
Puglia,Totale,1923532,2029773
Basilicata,0,1909,1721
Basilicata,1,1843,1796
Basilicata,2,2045,1853
Basilicata,3,2044,1924
Basilicata,4,2038,1958
Basilicata,5,2047,1998
Basilicata,6,2093,1933
Basilicata,7,2309,2097
Basilicata,8,2252,2122
Basilicata,9,2321,2206
Basilicata,10,2454,2268
Basilicata,11,2528,2324
Basilicata,12,2497,2295
Basilicata,13,2579,2374
Basilicata,14,2536,2384
Basilicata,15,2618,2628
Basilicata,16,2774,2515
Basilicata,17,2834,2632
Basilicata,18,2917,2612
Basilicata,19,3073,2675
Basilicata,20,3036,2739
Basilicata,21,3105,2670
Basilicata,22,3065,2727
Basilicata,23,3101,2764
Basilicata,24,3131,2802
Basilicata,25,3126,2937
Basilicata,26,3239,2926
Basilicata,27,3444,3191
Basilicata,28,3319,3154
Basilicata,29,3502,3205
Basilicata,30,3397,3101
Basilicata,31,3340,3164
Basilicata,32,3346,3072
Basilicata,33,3251,3002
Basilicata,34,3409,3104
Basilicata,35,3415,3224
Basilicata,36,3325,3215
Basilicata,37,3319,3308
Basilicata,38,3370,3229
Basilicata,39,3384,3229
Basilicata,40,3472,3296
Basilicata,41,3735,3484
Basilicata,42,3635,3726
Basilicata,43,4005,3865
Basilicata,44,3945,4044
Basilicata,45,4144,4045
Basilicata,46,4049,4010
Basilicata,47,4047,4197
Basilicata,48,4104,4222
Basilicata,49,4124,4318
Basilicata,50,4359,4322
Basilicata,51,4322,4434
Basilicata,52,4443,4579
Basilicata,53,4221,4538
Basilicata,54,4393,4524
Basilicata,55,4529,4698
Basilicata,56,4312,4409
Basilicata,57,4371,4429
Basilicata,58,4153,4402
Basilicata,59,4047,4337
Basilicata,60,3923,4128
Basilicata,61,3821,3942
Basilicata,62,3565,4041
Basilicata,63,3749,3976
Basilicata,64,3685,3721
Basilicata,65,3571,3825
Basilicata,66,3354,3456
Basilicata,67,3217,3487
Basilicata,68,3140,3428
Basilicata,69,3335,3453
Basilicata,70,3348,3472
Basilicata,71,3310,3669
Basilicata,72,2932,3350
Basilicata,73,2676,3004
Basilicata,74,1990,2409
Basilicata,75,2019,2300
Basilicata,76,1971,2274
Basilicata,77,1851,2330
Basilicata,78,1813,2311
Basilicata,79,2140,2636
Basilicata,80,2110,2761
Basilicata,81,1942,2606
Basilicata,82,1834,2581
Basilicata,83,1673,2376
Basilicata,84,1490,2284
Basilicata,85,1432,2214
Basilicata,86,1249,2020
Basilicata,87,1052,1725
Basilicata,88,930,1532
Basilicata,89,795,1501
Basilicata,90,655,1201
Basilicata,91,505,965
Basilicata,92,401,822
Basilicata,93,266,671
Basilicata,94,192,502
Basilicata,95,148,335
Basilicata,96,130,281
Basilicata,97,89,202
Basilicata,98,53,173
Basilicata,99,29,78
Basilicata,100,20,105
Basilicata,Totale,272150,281104
Calabria,0,7242,6935
Calabria,1,7593,7184
Calabria,2,7854,7491
Calabria,3,8008,7620
Calabria,4,8155,7746
Calabria,5,8321,7747
Calabria,6,8191,7884
Calabria,7,8540,7943
Calabria,8,8638,8076
Calabria,9,8792,8462
Calabria,10,9055,8436
Calabria,11,8922,8771
Calabria,12,9189,8571
Calabria,13,9466,8812
Calabria,14,9340,8739
Calabria,15,9660,9005
Calabria,16,9666,9034
Calabria,17,9662,8911
Calabria,18,9990,9413
Calabria,19,10465,9602
Calabria,20,10549,9502
Calabria,21,10677,9766
Calabria,22,10414,9621
Calabria,23,10753,9780
Calabria,24,10722,10162
Calabria,25,11050,10278
Calabria,26,11393,10751
Calabria,27,11535,11219
Calabria,28,11548,11025
Calabria,29,11879,11265
Calabria,30,12007,11407
Calabria,31,12188,11734
Calabria,32,11835,11632
Calabria,33,11741,11443
Calabria,34,11803,11492
Calabria,35,12207,11456
Calabria,36,11944,11578
Calabria,37,12040,11953
Calabria,38,12072,11877
Calabria,39,12249,12010
Calabria,40,12406,12420
Calabria,41,12670,12490
Calabria,42,12650,13040
Calabria,43,13353,13586
Calabria,44,13337,13524
Calabria,45,13358,13825
Calabria,46,13368,13749
Calabria,47,13306,14041
Calabria,48,13422,14341
Calabria,49,13335,14196
Calabria,50,13915,15136
Calabria,51,13847,14772
Calabria,52,13980,14973
Calabria,53,13953,15094
Calabria,54,13902,14902
Calabria,55,14534,15528
Calabria,56,13690,14683
Calabria,57,13590,14691
Calabria,58,13455,14502
Calabria,59,13360,14297
Calabria,60,13049,13911
Calabria,61,12129,12927
Calabria,62,12620,13143
Calabria,63,12102,12773
Calabria,64,12021,12652
Calabria,65,11962,12513
Calabria,66,11269,11776
Calabria,67,10575,11170
Calabria,68,10693,11461
Calabria,69,10886,11583
Calabria,70,10811,11549
Calabria,71,10748,11735
Calabria,72,10411,11297
Calabria,73,9344,10387
Calabria,74,7222,8012
Calabria,75,7211,7914
Calabria,76,6829,7948
Calabria,77,6695,7810
Calabria,78,6307,7470
Calabria,79,6994,8514
Calabria,80,6570,8203
Calabria,81,5819,7815
Calabria,82,5411,7238
Calabria,83,4925,7067
Calabria,84,4693,6774
Calabria,85,4214,6282
Calabria,86,3942,5976
Calabria,87,3215,5408
Calabria,88,2741,4790
Calabria,89,2377,4260
Calabria,90,1817,3468
Calabria,91,1442,2853
Calabria,92,1091,2340
Calabria,93,859,1940
Calabria,94,618,1508
Calabria,95,461,1209
Calabria,96,321,881
Calabria,97,215,599
Calabria,98,128,439
Calabria,99,107,302
Calabria,100,102,358
Calabria,Totale,927732,966378
Sicilia,0,19488,18195
Sicilia,1,20256,19203
Sicilia,2,20891,19611
Sicilia,3,20751,19838
Sicilia,4,21529,20374
Sicilia,5,22057,20915
Sicilia,6,21726,20690
Sicilia,7,22710,21832
Sicilia,8,22821,21821
Sicilia,9,23580,22622
Sicilia,10,24275,22932
Sicilia,11,24683,23379
Sicilia,12,24463,23301
Sicilia,13,25352,23396
Sicilia,14,25611,24088
Sicilia,15,26092,24534
Sicilia,16,25985,24631
Sicilia,17,26176,24719
Sicilia,18,27305,25070
Sicilia,19,28659,25340
Sicilia,20,28678,25985
Sicilia,21,28075,25643
Sicilia,22,28022,25752
Sicilia,23,27871,26180
Sicilia,24,27989,26453
Sicilia,25,28555,26938
Sicilia,26,29130,27961
Sicilia,27,30233,28989
Sicilia,28,29629,28535
Sicilia,29,29762,28777
Sicilia,30,29554,28983
Sicilia,31,29804,28980
Sicilia,32,28961,28320
Sicilia,33,29061,28271
Sicilia,34,29050,28774
Sicilia,35,29539,29453
Sicilia,36,29237,28994
Sicilia,37,30104,30026
Sicilia,38,30018,30211
Sicilia,39,31125,31282
Sicilia,40,31279,31818
Sicilia,41,32277,32617
Sicilia,42,32518,33320
Sicilia,43,34156,34892
Sicilia,44,35059,35749
Sicilia,45,36070,37287
Sicilia,46,35331,36689
Sicilia,47,35515,36900
Sicilia,48,35899,37950
Sicilia,49,35313,37800
Sicilia,50,36784,38684
Sicilia,51,36149,38350
Sicilia,52,36539,38690
Sicilia,53,36149,38539
Sicilia,54,35700,38390
Sicilia,55,36835,39178
Sicilia,56,34654,37217
Sicilia,57,34267,37317
Sicilia,58,33390,36380
Sicilia,59,33158,36595
Sicilia,60,31691,34474
Sicilia,61,30481,33517
Sicilia,62,30309,33475
Sicilia,63,29441,32703
Sicilia,64,29611,32169
Sicilia,65,28805,32276
Sicilia,66,26652,29500
Sicilia,67,26145,29250
Sicilia,68,25937,28659
Sicilia,69,26466,29640
Sicilia,70,26276,29773
Sicilia,71,26951,30604
Sicilia,72,26240,30044
Sicilia,73,23517,27529
Sicilia,74,19755,23006
Sicilia,75,18483,22064
Sicilia,76,17194,20955
Sicilia,77,16504,20735
Sicilia,78,16017,20565
Sicilia,79,17594,23159
Sicilia,80,16466,21729
Sicilia,81,14937,20477
Sicilia,82,12769,18005
Sicilia,83,11808,16991
Sicilia,84,10951,16390
Sicilia,85,10100,15647
Sicilia,86,8991,14285
Sicilia,87,7280,12422
Sicilia,88,6248,11220
Sicilia,89,5666,10748
Sicilia,90,4041,8157
Sicilia,91,3275,6976
Sicilia,92,2500,5317
Sicilia,93,1862,4577
Sicilia,94,1355,3483
Sicilia,95,988,2813
Sicilia,96,655,1859
Sicilia,97,452,1415
Sicilia,98,296,903
Sicilia,99,178,651
Sicilia,100,206,826
Sicilia,Totale,2370942,2504348
Sardegna,0,4424,4293
Sardegna,1,4754,4457
Sardegna,2,5176,4830
Sardegna,3,5408,5015
Sardegna,4,5717,5250
Sardegna,5,5828,5424
Sardegna,6,5970,5644
Sardegna,7,6331,5875
Sardegna,8,6609,6234
Sardegna,9,6865,6379
Sardegna,10,6938,6339
Sardegna,11,6848,6479
Sardegna,12,6801,6496
Sardegna,13,6961,6433
Sardegna,14,7017,6459
Sardegna,15,6891,6375
Sardegna,16,7117,6637
Sardegna,17,6949,6588
Sardegna,18,7132,6751
Sardegna,19,7597,6844
Sardegna,20,7690,6689
Sardegna,21,7575,6538
Sardegna,22,7587,6639
Sardegna,23,7779,6720
Sardegna,24,7940,6925
Sardegna,25,7930,7105
Sardegna,26,8042,7457
Sardegna,27,8363,7790
Sardegna,28,8596,7884
Sardegna,29,8769,8257
Sardegna,30,8824,8158
Sardegna,31,8872,8363
Sardegna,32,8912,8492
Sardegna,33,8863,8554
Sardegna,34,9273,8846
Sardegna,35,9525,8913
Sardegna,36,9579,9363
Sardegna,37,10236,9754
Sardegna,38,10085,9965
Sardegna,39,10730,10125
Sardegna,40,10588,10462
Sardegna,41,11782,11308
Sardegna,42,12024,11493
Sardegna,43,12380,12088
Sardegna,44,12958,12763
Sardegna,45,13758,13110
Sardegna,46,13690,13191
Sardegna,47,13439,13136
Sardegna,48,13078,13469
Sardegna,49,13228,12985
Sardegna,50,13507,13562
Sardegna,51,12974,13374
Sardegna,52,13541,13653
Sardegna,53,13569,13854
Sardegna,54,13588,13756
Sardegna,55,13807,14099
Sardegna,56,12979,13695
Sardegna,57,12692,13305
Sardegna,58,12336,13115
Sardegna,59,12153,12509
Sardegna,60,11773,12344
Sardegna,61,11535,12147
Sardegna,62,11437,12210
Sardegna,63,11188,11944
Sardegna,64,10855,11535
Sardegna,65,11009,11642
Sardegna,66,10445,11043
Sardegna,67,10181,10951
Sardegna,68,9898,10800
Sardegna,69,9968,10736
Sardegna,70,9622,10381
Sardegna,71,9616,10636
Sardegna,72,9162,10140
Sardegna,73,8586,9327
Sardegna,74,7730,8896
Sardegna,75,7408,8712
Sardegna,76,6823,8586
Sardegna,77,6992,8595
Sardegna,78,6228,7986
Sardegna,79,6683,8748
Sardegna,80,6162,8016
Sardegna,81,5268,7217
Sardegna,82,4663,6645
Sardegna,83,4312,6305
Sardegna,84,3596,5745
Sardegna,85,3615,5606
Sardegna,86,3244,5204
Sardegna,87,2651,4648
Sardegna,88,2293,4017
Sardegna,89,2064,3901
Sardegna,90,1550,3283
Sardegna,91,1241,2805
Sardegna,92,921,2235
Sardegna,93,767,1835
Sardegna,94,480,1334
Sardegna,95,374,1127
Sardegna,96,279,754
Sardegna,97,198,579
Sardegna,98,126,377
Sardegna,99,82,306
Sardegna,100,97,361
Sardegna,Totale,791696,819925
